"Nombre del Cliente,Provincia,Zona de Venta,Precio Total,Fecha de Operación,Observaciones
Juan Pérez,Buenos Aires,Norte,""1.250,50"",2024-06-03,Pago en efectivo
María Gómez,Córdoba,Centro,""800,00"",2024-06-04,
Carlos López,Mendoza,Oeste,""-300"",2024-06-05,Error de carga
Ana Fernández,Salta,Norte,""abc"",2024-06-06,Dato mal ingresado
Luis Rodríguez,Buenos Aires,Sur,""2.100,75"",2024-06-07,Transferencia
,Neuquén,Patagonia,""950,00"",2024-06-08,Cliente sin nombre
Pedro Álvarez,Tucumán,Norte,""0"",2024-06-09,Sin venta";
;
;
;
;
